Complexity,Loss,Equation
1,0.5247788,"-0.91674155"
3,0.2547811,"(-0.70776063 - k)"
5,0.008660387,"((k ^ 0.44653353) / -0.41194758)"
7,0.0037075116,"(k - ((k / 0.10683411) ^ 0.5437192))"
8,0.0037075114,"(k - ((k / log10(1.278891)) ^ 0.5437192))"
9,0.0018704467,"((2.9280548 * k) - ((k / 0.08351943) ^ 0.6706395))"
11,0.0005875252,"((0.5437634 - (((k / 0.042648528) + 0.22306786) ^ 0.429219)) + k)"
13,0.00056383084,"((0.23217073 - ((((k / 0.042648528) + 0.23217073) ^ 0.429219) - k)) + 0.31928885)"
15,0.0002573371,"((0.08534984 - (((k / 0.0513313) ^ 0.44645935) - k)) / (1.1299568 + (omega_b / k)))"
17,0.00019300795,"((0.08534984 - (((k / 0.0513313) ^ 0.44645935) - k)) / ((0.9916586 + omega_m) + (omega_b / k)))"
19,0.00016860207,"((0.08131663 - (((k / 0.0513313) ^ 0.44645935) - k)) / (((0.9916586 ^ k) + omega_m) + (omega_b / k)))"
21,0.00013833359,"((0.08131663 - (((k / 0.0513313) ^ 0.44645935) - k)) / ((((0.9916586 ^ k) ^ k) + omega_m) + (omega_b / k)))"
23,0.00011910233,"((0.08131663 - (((k / 0.0513313) ^ 0.44645935) - k)) / (((((0.9916586 ^ k) ^ k) ^ k) + omega_m) + (omega_b / k)))"
25,9.823629e-5,"(((0.08131663 - omega_b) - (((k / 0.0513313) ^ 0.44645935) - k)) / (((((0.9916586 / k) ^ 0.0513313) ^ k) + omega_m) + (omega_b / k)))"
