Complexity,Loss,Equation
1,0.16198112,"0.34135765"
3,0.00087454903,"(1.0012743e-10 ^ k)"
5,0.0007146941,"((1.0012743e-10 ^ k) + 0.012633577)"
7,0.00044091372,"(((1.377064e-10 * k) ^ k) - -0.022088068)"
9,0.0003007176,"((((k * 0.029063951) ^ k) ^ 3.906832) + 0.020529838)"
11,0.00017838458,"(((0.0105006425 ^ k) ^ 6.0800185) + ((0.0010553802 ^ k) * k))"
13,0.000138159,"((((omega_m ^ k) ^ 3.741065) ^ 3.741065) + ((0.0010553802 ^ k) * k))"
15,0.00011936977,"((((omega_m ^ k) ^ 3.7959466) ^ 3.7857847) + ((0.0010553802 ^ k) * (k + 0.0088733975)))"
17,8.734517e-5,"((((0.001137377 * omega_m) ^ k) ^ 3.785879) + (((omega_m ^ k) ^ 4.837567) * (k ^ 0.63679785)))"
19,6.1423656e-5,"((((omega_m ^ k) ^ 3.805302) ^ 3.805302) + ((0.06991321 / (k + ((0.008400531 ^ k) ^ 6.844169))) * omega_m))"
21,5.650397e-5,"((((omega_m ^ k) ^ 3.8123276) ^ 3.8123276) + ((0.061277688 / (k + (((0.0105006425 ^ k) ^ 6.844169) - 0.026523843))) * omega_m))"
23,5.567336e-5,"((((omega_m ^ k) ^ 3.8123276) ^ 3.8123276) + (((omega_m * 0.43631405) / (k + (((0.0105006425 ^ k) ^ 6.844169) - 0.026523843))) * omega_m))"
25,5.356734e-5,"((((omega_m ^ k) ^ 3.8123276) ^ 3.8123276) + (((0.061277688 / (k + (((0.0105006425 ^ k) ^ 6.844169) - 0.026523843))) - (k * 0.029063951)) * omega_m))"
