Complexity,Loss,Equation
1,0.10369465,"0.9847883"
3,0.10179044,"(0.9985029 ^ ell)"
4,0.08803611,"exp(0.8530761 ^ ell)"
5,0.08519219,"(0.8986267 + (0.8985977 ^ ell))"
6,0.08271851,"(sinh(42.829933 / ell) ^ tau)"
7,0.071833774,"((tau / 0.009512169) ^ (0.8520778 ^ ell))"
8,0.024045574,"cosh(tau / (0.018177522 ^ sin(log(ell))))"
9,0.024009498,"cosh(tan(tau) * (54.903545 ^ sin(log(ell))))"
10,0.020612253,"(cosh(tau * (55.33064 ^ sin(log(ell)))) - 0.061197232)"
11,0.01732044,"((ell ^ ((tau ^ 0.27332997) ^ ell)) ^ (ell ^ 2.6466665))"
12,0.015405009,"cosh(tau / (0.018364314 ^ sin(log(ell - -0.689723) - tau)))"
13,0.013862205,"(((ell ^ ((tau ^ ell) ^ 0.27017528)) ^ (ell ^ 2.623143)) - tau)"
14,0.011730975,"(cosh(tau / (0.018218877 ^ sin(log(ell + 0.6690577) - tau))) - tau)"
15,0.011716158,"(cosh(tau / (0.018218877 ^ sin(log(ell + 0.6697981) - tan(tau)))) - tau)"
16,0.007716568,"(cosh(tau / (0.018796686 ^ sin(log(ell - -1.2521055) - (tau * 2.4154968)))) - tau)"
17,0.007681954,"(cosh(tanh(tau) / (0.018772416 ^ sin(log(ell - -1.2521055) - (tau * 2.4154968)))) - tau)"
18,0.006616006,"(cosh(tau / (0.018711494 ^ sin(log(ell + sin(log(ell * (tau ^ 1.8437217))))))) - tau)"
19,0.005880343,"(cosh(tau / (0.018364314 ^ sin(log(ell + sin(log(log(ell) * (tau ^ 1.4023893))))))) - tau)"
20,0.005739769,"(cosh(tau / (0.018381476 ^ sin(log(ell + sinh(sin(log(log(ell ^ (tau ^ 1.3891644))))))))) - tau)"
