Complexity,Loss,Equation
1,0.18460098,"0.9447054"
3,0.1678843,"(24.503078 / ell)"
4,0.14016463,"(3.2592444 / log(ell))"
5,0.12455778,"((14.00384 / ell) - -0.46329623)"
6,0.1230333,"exp((0.7892921 ^ ell) * ell)"
7,0.06769293,"cosh(sinh((0.8302124 ^ ell) * ell))"
8,0.041075815,"exp((0.63933915 ^ ell) * (ell ^ 2.093845))"
9,0.01729342,"exp(tanh((0.683091 ^ ell) / 0.14260656) * ell)"
10,0.015022747,"exp(tanh((0.6652327 ^ ell) * cosh(2.8301365)) * ell)"
11,0.0036571873,"(exp(tanh((0.683091 ^ ell) / 0.14260656) * ell) + -0.11605466)"
12,0.0019788037,"exp((tanh((0.6652327 ^ ell) * cosh(-2.9117384)) * ell) + -0.11919223)"
13,0.0019148266,"exp((tanh(tanh(0.6652327 ^ ell) * cosh(-2.9117384)) * ell) + -0.11919223)"
14,0.0018324545,"exp((tan(tanh(tanh((0.6652327 ^ ell) * cosh(-2.9117384)))) * ell) + -0.11919223)"
15,0.0012430439,"exp((sin(tanh((0.6652327 ^ ell) * cosh(2.560084))) * (ell ^ 1.15849)) + -0.11919223)"
16,0.0011994969,"exp((sin(tanh(((0.6652327 ^ ell) * 2.560084) * 2.560084)) * (ell ^ 1.15849)) + -0.11919223)"
17,0.0011986659,"exp((sin(tanh(((0.6652327 ^ ell) * 2.560084) * 2.560084)) * (ell ^ 1.15849)) + tan(-0.11919223))"
18,0.0011953285,"exp((sinh(tanh(tanh((tan(0.6652327 ^ ell) * 2.560084) * 2.560084))) * (ell ^ 1.15849)) + -0.11919223)"
19,0.0011948912,"exp((sinh(tanh(tanh((tan(0.6652327 ^ ell) * 2.560084) * 2.560084))) * (ell ^ 1.15849)) + tan(-0.11919223))"
20,0.001193874,"exp(((sin(tanh(((0.6652327 ^ ell) * 2.560084) * 2.560084)) * (ell ^ 1.15849)) + -0.11919223) + (-0.11919223 ^ ell))"
