Complexity,Loss,Equation
1,0.13605376,"1.0742807"
3,0.13527226,"(2.6965036 ^ tau)"
5,0.1174575,"exp(0.8980219 ^ ell)"
7,0.11623359,"((0.91112286 + tau) + (0.91112286 ^ ell))"
9,0.10781923,"exp((tau / (0.11199339 * 0.23870702)) / ell)"
11,0.10683257,"(exp((tau / (0.11199339 * 0.23870702)) / ell) + -0.027951876)"
13,0.10682093,"(exp((tau / (sin(0.11199339) * 0.23870702)) / ell) + -0.027951876)"
15,0.09433826,"exp(cosh(((0.8980219 ^ ell) * tau) / (0.12509799 / ell)) / ell)"
17,0.071907975,"exp(cosh((((0.8980219 ^ ell) * tau) / (0.12509799 / ell)) / 0.8487617) / ell)"
19,0.06302828,"exp(cosh(((tan(0.8980219 ^ ell) * tau) / (0.12509799 / ell)) / 0.8947835) / ell)"
