Complexity,Loss,Equation
1,0.16137302,"0.34543195"
3,0.027710479,"(0.00014489253 ^ k)"
5,0.0012019988,"((0.00014489253 ^ k) ^ 2.22406)"
7,0.0005089572,"(((k * 0.048187915) ^ 3.641485) ^ k)"
9,1.8715107e-5,"(0.53853655 / (((k / 0.03981177) ^ 1.3794504) + 0.53853655))"
13,1.5854603e-5,"(0.53853655 / ((((k / 0.03981177) - k) ^ 1.3794504) + (0.53853655 + k)))"
17,1.5854597e-5,"(((0.53853655 + k) - k) / (((((k / 0.03981177) - k) ^ 1.3794504) + k) + 0.53853655))"
21,1.4868336e-5,"(0.54986286 / (((((((k / 0.033663973) ^ 1.3662603) + ((0.028367909 + k) + k)) / 1.2417125) - k) - k) + 0.527227))"
25,1.4786341e-5,"(0.53853655 / ((((((k / 0.03750178) - k) ^ 1.3382291) - k) + (0.53853655 - k)) + ((k + ((k / 0.14499673) + 0.38052678)) * k)))"
