Complexity,Loss,Equation
1,0.57258683,"1.6900724"
3,0.3648517,"(73.013535 * tau)"
5,0.022245761,"((tau ^ 2.854863) * 36816.586)"
7,0.0013490824,"(((tau ^ 3.5009928) - -3.4407692e-6) * 203349.86)"
9,0.0013340906,"((((tau ^ 3.526266) * 242430.02) - -0.79835767) / 1.1147025)"
11,0.00043660626,"((tau * (((tau - 0.023507262) * tau) * 80497.91)) + 1.1128536)"
13,0.00043660394,"((tau * (((tau - 0.023507262) * tau) * (80497.91 - 0.7477372))) + 1.1128536)"
15,0.00043514743,"((tau * (((tau - 0.023593497) * tau) * (80672.76 - (2477.5222 * tau)))) + 1.1171)"
17,0.0004275359,"((tau * (((tau - 0.023593497) * tau) * (80672.76 - ((tau * tau) * 56173.83)))) + 1.1171)"
19,0.00042339572,"((tau * (((tau - 0.023507262) * tau) * ((80672.76 - ((tau * tau) * 56173.83)) - 0.7477372))) + 1.1128536)"
