Complexity,Loss,Equation
1,0.5247788,"-0.91661465"
3,0.2547811,"(-0.70776075 - k)"
5,0.008660387,"(-2.4276083 * (k ^ 0.44657925))"
7,0.0021637084,"((-2.760542 / (k + 0.23600905)) * k)"
8,0.002163708,"((-2.760542 / (k + log10(1.7218837))) * k)"
9,0.00018263873,"((-2.4602664 / ((k + 0.09120609) ^ 0.7563086)) * k)"
11,0.00014358808,"(((-2.601999 + omega_m) / ((k + 0.09187409) ^ 0.75677353)) * k)"
13,0.00011449981,"((((-2.4602664 / ((k + 0.08566398) ^ 0.7523485)) * k) + omega_m) - 0.12905034)"
14,0.00011445427,"(((-2.4602664 / ((k + 0.08566398) ^ 0.7523485)) * k) - (log10(1.3453263) - omega_m))"
15,0.00011384301,"(((((-2.4601755 / ((k + 0.08566398) ^ 0.7523485)) - 0.0023128612) * k) + omega_m) - 0.1285459)"
17,9.060832e-5,"((-2.4565058 / (((k + (omega_m * 0.61499465)) ^ 0.7523485) + ((0.019420655 * 0.019420655) / k))) * k)"
18,9.031735e-5,"((-2.4565058 / (((k + (omega_m * 0.61499465)) ^ 0.7523485) + ((omega_b * log10(1.039369)) / k))) * k)"
19,5.9105598e-5,"((-2.4602664 / ((((k + (omega_m * 0.46289617)) ^ 0.7523485) + omega_b) + ((0.023278302 * 0.023278302) / k))) * k)"
21,5.4080716e-5,"(((-2.4602664 + -0.008500213) / ((((k + (omega_m * 0.46289617)) ^ 0.7523485) + 0.023278302) + ((0.023278302 * omega_b) / k))) * k)"
23,5.357437e-5,"(((-2.4565058 / ((((k + (omega_m * 0.46289617)) ^ 0.7523485) + omega_b) + ((0.02327805 * 0.02327805) / k))) + (omega_b / -1.9312027)) * k)"
25,5.294286e-5,"(((-2.4565058 / ((((k + (omega_m * 0.46289617)) ^ 0.7523485) + omega_b) + (((0.02327805 / 1.0668826) * 0.02327805) / k))) + (omega_b / -1.9312027)) * k)"
